date,organic,organic_proxy,tv_ad_spend_raw,social_ad_spend_raw,search_ad_spend_raw,conversion
2021-01-03,272.0,270.3163046609735,1418.6164256765992,5931.415946643387,5707.238400297308,351.0
2021-01-04,209.0,211.6116902019525,2390.7208402968145,2837.504859819409,4421.170800127316,296.0
2021-01-05,289.0,231.6509018779676,4653.089038769407,4066.729978093162,4631.66001952483,420.0
2021-01-06,377.0,412.6100368514836,2234.013683334428,4601.921824738673,8008.348061703959,513.0
2021-01-07,203.0,210.23970267176892,2147.6352452468805,2784.604761641781,3323.3548779970474,307.0
2021-01-08,204.0,224.5163439888637,1636.010484516236,4365.2631097666,3587.568644585226,306.0
2021-01-09,386.0,274.502337721138,4357.905081250999,1470.2713953328455,6137.235534165509,508.0
2021-01-10,306.0,370.1247432925689,3079.4120156247227,6352.165218777488,3491.6954585772046,446.0
2021-01-11,183.0,180.87128133051772,1481.3106966511666,3030.496133457272,3829.142256377919,289.0
2021-01-12,285.0,317.22168781119467,3273.7198757314927,2732.49447513934,6714.3761765836425,406.0
2021-01-13,185.0,166.58216647786682,2865.526070956239,1889.1063833318635,4292.662384774857,293.0
2021-01-14,186.0,198.05776554576045,1759.3399585152383,4207.164385373908,4650.537866702039,295.0
2021-01-15,258.0,231.11508253591373,3141.0775741500483,2775.788014846672,5669.270963658751,375.0
2021-01-16,46.0,41.01039998788814,267.6886639624235,429.0731021728197,734.9693947123227,105.25
2021-01-17,63.0,75.66451896561216,452.8612343810621,1277.6635793500232,1590.130911538462,105.25
2021-01-18,180.0,177.25837993318888,2063.138126908449,2985.861833957226,2142.227956578434,250.0
2021-01-19,136.0,139.55011777376717,1973.907636572916,1472.2459880759664,1993.523809480128,204.0
2021-01-20,270.0,293.72790646128243,2990.450325144707,4316.668778410306,3841.083075410865,377.0
2021-01-21,148.0,156.2986370449526,1349.3117980377797,1546.3718453037063,3943.374546722501,230.0
2021-01-22,99.0,100.90954346405532,993.9303315488056,1983.680084687741,2550.642534801538,164.0
2021-01-23,388.0,402.2976434279215,2425.3522802265,7675.77062798072,8897.480036175559,522.0
2021-01-24,219.0,272.7641075671648,2597.922567408459,3825.129024413584,5812.581268564595,339.0
2021-01-25,250.0,248.71782407789385,3163.763342688594,4159.515976782596,3683.4201027428176,371.0
2021-01-26,101.0,103.89548885588088,2401.342896816396,2334.885758222724,2249.9678994893443,182.0
2021-01-27,190.0,210.84321518411937,1638.922450944198,2861.6862889725053,3672.643342745209,274.0
2021-01-28,257.0,285.67628486276544,2777.56153276094,2490.466410751432,6451.860577731763,360.0
2021-01-29,131.0,147.61717384651587,1146.6579635845326,2246.2019395209345,2547.851347203092,207.0
2021-01-30,285.0,303.765015552396,2798.6270628686607,6963.219852076007,5051.079502902299,412.0
2021-01-31,188.0,167.21582024317587,3077.204265499742,1969.8103046748936,4388.629705910797,299.0
2021-02-01,220.0,256.6193118385025,2042.4054723597644,2950.012813544773,5571.389483151397,327.0
2021-02-02,190.0,168.64550899111538,1700.0411521989847,3214.1817751802723,3045.7814384307726,282.0
2021-02-03,436.0,449.9891637175487,3519.226961527378,6445.615578177984,8575.362063918208,585.0
2021-02-04,251.0,232.14252774469327,3071.366880036957,2656.3446124974494,3427.093431002796,369.0
2021-02-05,147.0,146.59707981952835,1395.2186964685493,2958.003226541562,739.4334983376644,233.0
2021-02-06,336.0,347.5100833793985,2709.046531004032,8559.321873117226,7133.644704227646,485.0
2021-02-07,132.0,137.259566465094,1857.0043459952533,2112.161789511662,3145.5745333071,231.0
2021-02-08,276.0,288.50843909641566,3947.244302542619,3026.203778393923,5971.854751985712,403.0
2021-02-09,60.0,70.66086455310287,498.8321883935775,488.5466417983823,505.1537605968698,119.0
2021-02-10,124.0,130.51673638304877,549.4058171376756,2017.7547698333583,2234.253339437657,179.0
2021-02-11,278.0,271.42467286314394,3623.0993236576232,5555.2942486859565,1861.251251142508,387.0
2021-02-12,333.0,365.3585648548354,2647.898992590832,5711.016433356138,9403.211890499651,476.0
2021-02-13,277.0,310.3640492230506,3431.606333076981,4157.5724667621525,3739.986804471828,408.0
2021-02-14,249.0,218.88370312023727,1020.4356518519032,3081.071461526736,6869.732088013598,356.0
2021-02-15,231.0,245.6563639026158,2938.81543413088,2337.8462468233,5951.7245936167965,340.0
2021-02-16,114.0,122.95714304361304,2637.4140216807155,2155.119885693625,1677.142125716068,183.0
2021-02-17,191.0,185.8962476652392,2336.012609230551,3661.805915021944,2529.717275697521,281.0
2021-02-18,218.0,248.37920766329,2192.7670231043453,1756.3884329826917,4825.838344612533,308.0
2021-02-19,370.0,365.3700656759587,2647.8097971583807,8217.822070048722,5539.5814547252885,510.0
2021-02-20,300.0,304.1707926888654,2637.165661916339,5282.003012219299,6192.687292079722,436.0
2021-02-21,90.0,88.97269601834645,1091.8139944917668,3985.304198722399,1548.503314932623,169.0
2021-02-22,300.0,300.520782968908,3095.855233976298,2688.605385225499,2794.4115045577646,397.0
2021-02-23,229.0,204.72515022284705,2702.446033957319,2035.7701655803453,3549.6353119621413,321.0
2021-02-24,201.0,172.51494865022832,3210.353340486786,2887.957332613564,4304.859119366518,315.0
2021-02-25,331.0,383.98722392100507,1757.6652440352398,5717.01069263689,5507.745645966254,455.0
2021-02-26,373.0,342.22259608072045,5552.872889194935,8630.72683430474,6237.024818533414,561.0
2021-02-27,364.0,328.533326208677,3761.0545417356057,6629.067629908895,8816.404934195489,550.0
2021-02-28,188.0,147.83217114203595,1376.0262524812872,2620.29098768528,5094.529481525187,307.0
2021-03-01,242.0,226.6875422433146,1455.1578649966948,2513.9520437584733,4447.215975874662,336.0
2021-03-02,306.0,266.3457164213252,2895.434995270858,6303.407368434221,5511.884040436755,438.0
2021-03-03,372.0,433.2360383826077,4750.239917705465,3966.484587383079,8559.343505683044,530.0
2021-03-04,227.0,250.35974919819424,2186.955491702174,5077.341065601145,2696.5595035989645,355.0
2021-03-05,257.0,239.7602702599677,3742.0572444890295,3532.676690266867,5494.316398078565,395.0
2021-03-06,166.0,203.5550272140224,938.0730241382456,3681.141347497125,3872.80994876992,269.0
2021-03-07,157.0,173.36174759687327,1572.907557204018,2850.251569206941,3801.5657346530393,247.0
2021-03-08,359.0,347.76946483603245,2243.952679932234,5170.089901892463,3011.966723287251,465.0
2021-03-09,414.0,310.91337226124506,4597.379402477879,5248.92786556191,6396.792115777026,566.0
2021-03-10,272.0,334.7897765189754,3448.6047213552533,3667.94531570106,4012.380785629546,409.0
2021-03-11,380.0,327.73720484560306,3325.821110393932,6443.056365360056,7840.683982629365,543.0
2021-03-12,317.0,264.93905515065893,693.6497125345926,4866.867568585396,7257.065906287217,440.0
2021-03-13,217.0,239.3145840896928,2300.715096862049,2676.539010451083,6291.998310681956,325.0
2021-03-14,318.0,396.1168712627946,3601.49229044336,4691.095792825947,5422.899218652651,449.0
2021-03-15,436.0,497.2058349800296,4897.204742310503,6705.652575200811,7431.077186533767,613.0
2021-03-16,280.0,295.7994301325747,3838.186470154508,1517.84622493808,7531.702971290098,427.0
2021-03-17,440.0,466.90669765619,2990.9334984462503,7519.049648964116,9598.123919640067,614.0
2021-03-18,46.0,37.69099521641209,275.5964177450499,242.4214809570078,631.8671094449413,105.25
2021-03-19,367.0,395.581103065208,4992.143313739834,3606.913313364264,7990.492771709362,508.0
2021-03-20,294.0,303.09642214016725,1375.0484390163858,2183.618691792756,3849.379742887677,393.0
2021-03-21,256.0,259.484149177172,2814.3494065098034,1779.0344934781654,3082.0139961630152,352.0
2021-03-22,296.0,294.6277517765519,2516.392293932854,2638.847622101015,3169.68368238018,395.0
2021-03-23,89.0,82.41978383295812,869.6057924219641,1052.698395517856,2136.9079864458595,153.0
2021-03-24,266.0,259.0316634779783,2943.099763668536,6340.2312785011245,7230.89165026821,396.0
2021-03-25,324.0,269.7824362954486,2772.932780357888,4102.913055189434,10098.901718507332,461.0
2021-03-26,437.0,433.10464687251545,3487.3843492218,6910.961628350672,10960.798039703162,603.0
2021-03-27,238.0,214.78280928744192,2407.874479108785,4004.7194727237234,6429.852061126019,372.0
2021-03-28,209.0,186.70908978270964,1414.1599841120392,3271.8320093584334,3467.034039300491,308.0
2021-03-29,241.0,245.4189844106199,1625.5017177984143,3532.214857154569,3148.894545273097,332.0
2021-03-30,383.0,436.6866843360123,4614.541421523155,3688.061363123914,9621.700700003385,528.0
2021-03-31,325.0,355.0449766570053,2131.1244181186776,7000.919046849223,7318.593643200243,474.0
2021-04-01,239.0,202.1759937305529,2877.866168858688,5548.150232730936,4951.487291551186,379.0
2021-04-02,344.0,310.54145604538786,3924.783499466096,2560.064236629073,7694.020455251584,485.0
2021-04-03,303.0,332.0782160491171,1463.7667434471025,3154.178107776997,6659.03833158233,417.0
2021-04-04,391.0,352.73353295848665,3116.5312779187325,5374.940959984727,10836.405365327117,538.0
2021-04-05,224.0,219.52618508141504,3050.194168698385,2393.830278650748,6236.311400065969,348.0
2021-04-06,262.0,276.9139478617071,1852.1654661748885,4534.763722513452,6106.597516678933,382.0
2021-04-07,256.0,231.65215924332745,2207.5474779699966,3006.764538526448,6431.418388553386,368.0
2021-04-08,149.0,151.37515996902135,1705.6122491799097,3706.381901380067,3457.962550624151,247.0
2021-04-09,326.0,282.68340909101704,4028.616271953681,6640.590324850011,5621.385092740403,474.0
2021-04-10,323.0,303.6909910119102,2987.3917002077847,5155.931589533196,7929.229267890061,473.0
2021-04-11,297.0,307.4768173396926,2445.4068802289976,5846.186870259467,3466.0489303048485,431.0
2021-04-12,274.0,230.6800495775204,3914.755671759852,5481.3709408974855,7222.870225477959,432.0
2021-04-13,156.0,163.61683655792498,2384.6694851657912,1953.006670320492,2011.0889554877967,263.0
2021-04-14,256.0,256.07549033661724,3319.257861184228,2906.280109462896,2981.8256792060997,380.0
2021-04-15,264.0,279.38349536276706,2715.325395871424,4064.4396898618606,3952.562402924402,387.0
2021-04-16,219.0,224.0816070421621,1660.2874424568308,4137.426902992354,5111.210665700476,332.0
2021-04-17,283.0,322.3303602366568,2129.744245167213,4432.064776348586,5615.027781719437,399.0
2021-04-18,340.0,344.7917317858676,3939.066187151721,2691.3644330143184,3552.2003716865406,459.0
2021-04-19,489.0,468.0857283415083,5504.774038789353,5569.380206663136,11016.301621936564,674.0
2021-04-20,318.0,322.1560237830408,4520.871398405481,4668.013105833722,5261.687395484207,490.0
2021-04-21,326.0,344.64866160041186,3906.7632027014906,4792.028726136243,8265.999344814381,501.0
2021-04-22,294.0,295.4443420139488,1614.3260992231508,7019.859959901416,5882.494932086855,445.0
2021-04-23,109.0,110.33066889179072,1445.6249058479116,962.9249626793304,2458.396700732816,196.0
2021-04-24,299.0,278.39209941444125,2097.615261801689,5172.361173362294,4267.972306241239,409.0
2021-04-25,308.0,287.9334985238536,2728.535263195064,6692.065045134989,5077.100480021001,443.0
2021-04-26,548.0,471.9614008786345,5901.634958869079,12704.399563334588,9468.53073027244,777.0
2021-04-27,283.0,333.3012109740782,4535.046154722397,3738.841476378644,7131.545456730064,468.0
2021-04-28,333.0,291.8639338506707,6443.090921606433,5737.000851595356,10021.170483388263,548.0
2021-04-29,299.0,279.1694009129013,3545.4990177652703,5268.356642994683,4549.982797917636,476.0
2021-04-30,186.0,173.38185141832636,1765.3539153070724,2966.3510137325625,4942.979841649679,316.0
2021-05-01,418.0,455.6126541343027,4852.451444263922,6086.808427844767,2919.7615799758314,577.0
2021-05-02,379.0,368.1378554229675,4803.3931759320685,6434.086714071172,4868.5983084177215,560.0
2021-05-03,383.0,431.2991970069964,3465.6563749923084,1382.3105835393956,5463.195751530451,524.0
2021-05-04,213.0,199.234021934202,3286.6977685041943,3859.98844671532,2538.8769451622165,346.0
2021-05-05,445.0,457.4559589250886,4757.567940375671,6928.287947341734,4672.234880523828,619.0
2021-05-06,164.0,151.00273427657362,1893.6985995124253,2306.542971879919,3703.619215231832,284.0
2021-05-07,363.0,441.8646209338687,4365.027761437419,8808.398438281683,6809.104341997693,544.0
2021-05-08,524.0,462.0813750429708,5906.716420943868,6272.734619793309,11680.72563786906,735.0
2021-05-09,206.0,212.81474984932512,2583.715383225436,2721.879463851448,4983.550900878674,351.0
2021-05-10,248.0,264.7808280064634,2028.9102120082784,5966.530600401599,5376.827394874736,389.0
2021-05-11,315.0,328.80801794851163,2628.5871990352653,3553.9117919668606,7560.955538574079,447.0
2021-05-12,255.0,250.83392627904053,1712.1961266690143,3200.873027689296,5004.764293327513,362.0
2021-05-13,150.0,149.02142483338508,1708.8844040527747,2164.8306338814746,1944.345449385193,231.0
2021-05-14,313.0,314.3980947583291,3861.750508091504,5879.6756341519695,8247.277934902098,459.0
2021-05-15,200.0,197.1134205575162,2275.280815445753,3187.886867016178,3293.958819620396,312.0
2021-05-16,353.0,387.8470927104206,5314.553299202999,3248.5509278780564,5089.195136333939,501.0
2021-05-17,214.0,261.9719558415292,2141.858754192374,2704.404848386465,4061.891659155224,332.0
2021-05-18,461.0,435.83943364661343,5541.733372755654,5662.055915755188,6703.467515470621,636.0
2021-05-19,228.0,197.0573041293674,1535.5271072664284,3345.6747112918283,3994.8101300704952,351.0
2021-05-20,274.0,272.1040663771295,2426.467809206827,4643.991161072814,6057.266947559182,403.0
2021-05-21,388.0,488.2833151086419,4691.437169826712,6552.744998588271,8574.28639091509,562.0
2021-05-22,183.0,169.00232910169728,2305.838358779243,1287.8615399392413,2685.457758216749,293.0
2021-05-23,329.0,383.68881051177664,3005.8231033855013,6523.117190472042,5628.445657156676,474.0
2021-05-24,437.0,511.09308770700864,4282.648878033155,7062.421197483754,11574.510261171286,622.0
2021-05-25,146.0,138.14316507233818,796.4717390419282,3104.7067685831407,3360.333090600948,253.0
2021-05-26,325.0,343.9978018492952,2906.1700777264105,5532.776049225407,10561.908205105883,469.0
2021-05-27,333.0,387.2539460102788,4219.801576896218,6645.818779736459,9018.556050816876,504.0
2021-05-28,385.0,370.626839448047,4517.082785162397,6587.257771636271,10349.551331013108,574.0
2021-05-29,183.0,179.62842235898924,2109.0211327393454,3861.225134992461,2140.337689986396,310.0
2021-05-30,175.0,164.83032119672873,1776.2361151900716,3036.4517512964685,4302.307523845533,282.0
2021-05-31,359.0,322.7885065653464,3600.041410095921,5230.354743729512,7070.389025257371,502.0
2021-06-01,336.0,314.8699158174144,2700.276246619254,8494.418219144802,5621.461632617026,495.0
2021-06-02,332.0,291.42085950761555,4016.800521897694,6309.426885545851,6976.019336623613,501.0
2021-06-03,341.0,342.7962240441358,3847.771507919739,6006.519454036189,8770.122531516148,516.0
2021-06-04,238.0,220.5523830071131,2742.2148187216058,2211.880727888405,5497.064518277166,369.0
2021-06-05,330.0,337.85713780321174,2780.395763183328,3038.141929818566,4862.668551031121,451.0
2021-06-06,336.0,283.86951266656735,1190.049138142551,5485.438125372155,8221.071960188694,461.0
2021-06-07,235.0,243.16860732204623,3128.547898515243,3684.8427875945154,3807.153321032021,352.0
2021-06-08,493.0,534.4558214818759,4224.667542142474,6036.667401295745,10508.082634996455,661.0
2021-06-09,354.0,283.4833776322763,2624.3025702525715,5535.78872749025,6437.083653705899,503.0
2021-06-10,187.0,194.50717683149728,2265.0075489179703,4152.767673977415,3503.6604743621724,308.0
2021-06-11,372.0,417.8989355170982,3284.3187333440605,6747.811883528736,9155.285446101218,531.0
2021-06-12,209.0,183.71901324359763,2754.587767483364,2061.8872263276576,2875.605066330307,321.0
2021-06-13,385.0,449.5008411456285,4563.726242077492,5583.1375458862,12196.2985395101,558.0
2021-06-14,422.0,439.8407068973284,5087.227412866837,4803.095168662732,3830.386939617634,590.0
2021-06-15,224.0,208.32680137247164,1322.8338135039553,2970.8964681658817,3678.8372335372783,341.0
2021-06-16,402.0,400.18888232294,5487.51169667472,5287.461158813762,8942.57767207489,579.0
2021-06-17,347.0,366.6571584187182,3744.854416044589,4462.603441908069,8162.847268431241,515.0
2021-06-18,388.0,391.0357799458916,3450.927169946187,3629.338990109394,7527.762931554275,542.0
2021-06-19,495.0,522.1372989871633,5167.572334824909,7147.0672368320265,9738.294564544443,692.0
2021-06-20,281.0,255.2271337344689,1313.138224046521,3507.459256261325,6314.613603400051,415.0
2021-06-21,230.0,234.04809587805448,2583.657165332594,418.29368642490255,4283.920853685496,327.0
2021-06-22,216.0,185.8462585041254,1956.395693312632,5246.286230513621,6138.19597940735,330.0
2021-06-23,223.0,221.1971030803047,1329.1342212926702,4451.212752933084,5600.200440629847,328.0
2021-06-24,297.0,270.53724446173146,1615.8673512994417,3957.681386229864,7506.007622876734,403.0
2021-06-25,339.0,314.16621066533526,4523.053506517113,5115.347692384635,4816.380651580747,479.0
2021-06-26,332.0,373.62375112974826,2697.480534590095,3234.616957199597,5933.221176784666,461.0
2021-06-27,387.0,429.7056810704531,5656.871255951545,8767.731678085887,7050.061701988585,583.0
2021-06-28,305.0,324.49061700495935,2566.955484035799,7199.260556744323,4271.754239882211,471.0
2021-06-29,449.0,400.6338868935581,2193.9056151160667,7063.566350585626,9967.16809304211,615.0
2021-06-30,277.0,268.9997861962796,1847.417196173544,5446.305356413306,4659.672123852368,407.0
2021-07-01,576.0,646.0041011309391,7897.067672544301,9096.16922206705,13787.843295549406,811.0
2021-07-02,366.0,371.7007794007349,3493.6543796676056,3292.9662953637285,4976.740529023237,534.0
2021-07-03,218.0,268.63930082652644,1821.9485508824985,2866.832778825273,6610.422426040575,348.0
2021-07-04,196.0,204.25631682106533,2059.609262027712,3064.571722079628,2873.612389835904,301.0
2021-07-05,351.0,358.45222047835296,4046.406728988258,4556.08276428534,7496.726890335003,498.0
2021-07-06,280.0,272.2531280039937,3751.13088005241,3937.6350274761808,6953.524495822715,430.0
2021-07-07,374.0,379.516317492664,5372.604213022002,5463.687874480911,6208.01976414046,552.0
2021-07-08,350.0,344.9279915814161,3124.6383970508464,5126.54658538955,8796.928234883502,520.0
2021-07-09,295.0,316.41426259673744,1779.400528345527,4501.843488247185,3730.535468384826,422.0
2021-07-10,217.0,238.76969492233144,1908.9029140365888,2228.7398038342394,6257.105377490185,325.0
2021-07-11,150.0,139.0781492223808,1627.2821473341835,1777.1050683009703,3031.6549932092626,232.0
2021-07-12,257.0,223.3080114886249,1831.211795497772,2374.9160064702123,4230.197370480199,343.0
2021-07-13,387.0,316.5239863087424,2763.857124000453,7521.770715392727,7058.348165389094,526.0
2021-07-14,323.0,339.7343091706694,3566.5548156924933,1786.1571141646157,8035.400578186575,451.0
2021-07-15,177.0,157.60474117937713,1745.6534614997497,3576.883367571037,2921.798795680836,279.0
2021-07-16,318.0,250.2180997267338,3220.039471609649,6772.271065776258,4943.660972373754,460.0
2021-07-17,339.0,353.1117664392245,2625.5918983825577,4636.35193620118,6346.2697871743885,475.0
2021-07-18,212.0,265.8636278664748,1981.0060554200647,699.2690600541443,2753.38524551697,299.0
2021-07-19,316.0,316.2002971074312,2286.6627993894585,4231.4640593208105,9783.884799592062,439.0
2021-07-20,306.0,332.3788416733922,3885.6311774592496,4511.40492669282,5091.143665063346,443.0
2021-07-21,186.0,187.8975575374068,2442.550803140441,1948.022601773848,4657.392583568808,297.0
2021-07-22,336.0,332.94878716178147,1500.2659204597644,4264.466946122911,7148.120116952252,450.0
2021-07-23,356.0,389.1567762377621,2570.172868794038,7800.14490653578,5022.683878264555,495.0
2021-07-24,408.0,396.5991024400933,2250.758331236583,7349.002183410579,8154.517129100318,557.0
2021-07-25,405.0,416.1989572108784,3263.118441992486,4393.883499246157,10014.01881305667,554.0
2021-07-26,162.0,167.2565070729234,1579.8742330909613,1265.690756484384,3057.83273331574,250.0
2021-07-27,205.0,192.107116668304,1163.330689442894,2784.967154015508,5590.89780582504,293.0
2021-07-28,350.0,385.7994751240618,2539.142014161879,4927.574097848601,9170.807204090366,474.0
2021-07-29,350.0,344.556242904393,2450.6801284636504,6043.43786011233,8947.375012839419,489.0
2021-07-30,350.0,324.155712948926,3724.60285408723,4415.140967964349,6046.038477996091,491.0
2021-07-31,684.0,720.9768572225317,6985.003258231775,11838.986672961457,9251.914346777125,920.0
2021-08-01,355.0,323.9456034171121,2788.590873953425,8438.321076437522,5808.140888100104,549.0
2021-08-02,412.0,413.3991161177819,4341.050355616731,7696.370786558236,8730.134780651379,612.0
2021-08-03,393.0,393.570147856895,3293.233692103347,5823.694939082307,9168.595941960126,573.0
2021-08-04,363.0,402.9940551773422,3338.940319465232,5153.189757261862,2533.9395340647934,511.0
2021-08-05,266.0,279.36853364279534,4006.0484921852967,3572.54528413064,5321.175951337068,416.0
2021-08-06,373.0,373.0534431144813,5243.849022654129,7596.803844983983,7834.530688880131,571.0
2021-08-07,220.0,238.71673508320816,1346.3703513131843,2687.130564885844,4045.944262758985,343.0
2021-08-08,274.0,312.2468695685173,3423.741603557072,4167.830959209575,7606.6345920522035,416.0
2021-08-09,249.0,263.0478813167229,2713.9852961941106,3794.652349095623,5613.519833983603,383.0
2021-08-10,305.0,306.06248312071483,2004.2289888311489,3895.8061446190527,8518.434383642272,434.0
2021-08-11,528.0,459.5174749138285,6588.161559032157,2857.6809182575053,9892.68150345538,714.0
2021-08-12,110.0,98.80959466811802,1616.1181918680268,1819.5556918959576,2833.816149590126,223.0
2021-08-13,365.0,354.65982179040805,2426.2899586310923,5386.960200265441,10905.41064644252,511.0
2021-08-14,135.0,127.53902131339925,984.3343578096247,2342.99450314683,3785.24853606212,225.0
2021-08-15,249.0,245.11904936327315,3260.4970660944628,3147.0462753708152,3358.955562170335,355.0
2021-08-16,405.0,408.0748690440457,4388.260468079638,8315.85300322878,7497.908791154203,580.0
2021-08-17,303.0,319.2734589093428,3533.768638463217,3351.868165423386,5436.300693013213,449.0
2021-08-18,188.0,187.586652853718,2082.215869289112,4289.239989545687,4332.945517281677,314.0
2021-08-19,225.0,236.0262793056661,2514.5719671715487,1606.0623488346762,5428.417059119521,332.0
2021-08-20,364.0,366.8354315788636,2194.41502632238,6180.384594889097,5455.123703976733,492.0
2021-08-21,223.0,179.27889174409813,2936.0894439088115,3829.1814570403167,4559.205774004969,346.0
2021-08-22,318.0,288.1527785862828,4296.141368682374,3631.8558443486095,2506.184292880142,449.0
2021-08-23,300.0,296.5380567368831,2801.680033728144,5087.698547152998,8620.521542195387,451.0
2021-08-24,231.0,203.14200039127232,2280.835490453077,4797.089295555081,3911.5042516016224,358.0
2021-08-25,510.0,541.2323256317951,2760.6493474201216,2565.4151853924814,10383.144088484634,641.0
2021-08-26,359.0,414.5897062266909,4150.216509329915,6206.701884951277,6523.017217320344,518.0
2021-08-27,93.0,105.0136250131896,1096.6965369322577,353.85459556454254,2515.7531621372204,176.0
2021-08-28,314.0,308.01390002159025,3088.5957822292976,3353.310706648206,936.3144119424948,412.0
2021-08-29,229.0,264.14955113195265,3074.207648167312,5133.521793803488,4574.702480258471,360.0
2021-08-30,381.0,386.9507999491203,3430.690441731793,4721.031026945119,7383.566476488046,528.0
2021-08-31,216.0,209.4663547869228,2534.909630896017,2106.505044710288,8010.805566956082,328.0
2021-09-01,284.0,267.09123887311466,1975.031087316734,4014.729724066537,8638.044657424118,408.0
2021-09-02,346.0,336.036991492762,3440.697399532441,8422.323229611478,5085.50789687453,502.0
2021-09-03,382.0,367.7507039788937,3625.8993436909486,2585.4091896286754,9423.795500202865,529.0
2021-09-04,176.0,179.01158680179915,1879.0912900340584,1807.4863526421527,3896.469831166294,277.0
2021-09-05,262.0,266.8305813337287,2335.008398191817,5708.812592881901,7240.0271219923,393.0
2021-09-06,248.0,248.67457245384625,2387.9366796591826,5807.184718754793,3976.802344650616,375.0
2021-09-07,230.0,240.8820086066957,2879.924880998059,3354.5411761473565,3600.946931950862,347.0
2021-09-08,472.0,529.005029510344,4107.804632189044,4455.044256287105,12563.223970706902,633.0
2021-09-09,336.0,368.6999647178562,1744.3311960254357,8226.652677008855,7593.820624799691,492.0
2021-09-10,170.0,144.92690650922117,2595.335212248021,3774.180040621862,1826.3083425140908,285.0
2021-09-11,388.0,289.0141896478367,5490.032356365366,7008.019724106934,6506.891842494923,567.0
2021-09-12,508.0,556.172690966101,3114.563389026575,5770.206481251334,11352.170781616513,685.0
2021-09-13,399.0,345.1211919299975,4824.802192950051,5908.260651383072,10004.730221030735,589.0
2021-09-14,144.0,141.42159626283404,1228.4323877678935,2065.701052802962,2303.867598698408,251.0
2021-09-15,248.0,219.23553104827727,2679.14254870652,4093.979462010283,624.3113477710654,353.0
2021-09-16,423.0,347.19601032741497,4608.942935195223,9118.005506500793,9799.789035596004,613.0
2021-09-17,226.0,238.4183343334184,2102.670235208547,4287.62714353097,2867.42533470858,357.0
2021-09-18,341.0,367.3685390731064,2611.6296365649014,3466.3081729716096,2696.057353717142,456.0
2021-09-19,374.0,353.0642396397137,2970.4774565516195,7940.716697337771,1126.2566662968193,511.0
2021-09-20,204.0,151.6253747183668,2579.1917365163977,3358.144586834412,5092.5225393222045,316.0
2021-09-21,291.0,275.6191173466528,2187.906016481176,5274.565054984679,6055.877883166486,413.0
2021-09-22,46.0,37.69099521641209,259.34710720708915,571.6967521359192,493.5264965168676,105.25
2021-09-23,195.0,166.49373841506645,1534.3447325046063,1953.4897552778225,5536.215191300765,267.0
2021-09-24,272.0,277.752702673789,3285.607566601862,4047.3013245893794,6498.018360094975,387.0
2021-09-25,173.0,173.15291449022735,2507.931769697701,3857.412215041343,5150.145463358721,277.0
2021-09-26,461.0,488.3774749208003,3813.034112294125,3667.523105493306,5375.091233522724,590.0
2021-09-27,155.0,157.4471795923235,1667.6111307574945,2576.54555372666,3079.479670723332,253.0
2021-09-28,254.0,230.0171689013689,2930.0989837338366,6702.070247118362,2624.493708801654,383.0
2021-09-29,312.0,349.4625493148953,3563.114693805585,2097.3081549809344,5812.750607257174,438.0
2021-09-30,443.0,436.3739954974746,4535.068920149537,6586.638748822076,8206.64250242586,617.0
2021-10-01,155.0,155.5075542131705,1906.7600419305184,2788.4687922375592,3704.926139483493,275.0
2021-10-02,416.0,377.25664610699306,4762.864181943169,6471.784958641722,8435.529526531938,590.0
2021-10-03,301.0,287.7128125431178,1892.7566591956297,4362.611245807532,7147.25469254105,441.0
2021-10-04,202.0,184.26900804889303,2548.67293057716,1850.438526361084,4896.343232392374,312.0
2021-10-05,346.0,340.8005283645186,4391.1154537450975,5565.259192910614,11419.918550119495,514.0
2021-10-06,320.0,375.693591300409,2473.294844138092,3719.357157479104,5808.838429548058,455.0
2021-10-07,241.0,208.0728069074952,2439.0188379443844,1240.8387051035177,3461.5374481426056,341.0
2021-10-08,308.0,258.69549811576564,3717.045496386325,6285.257729415133,6624.831548356094,459.0
2021-10-09,263.0,302.0090328803367,2467.443386626836,5084.590858895132,3998.202132907477,396.0
2021-10-10,313.0,306.92645281198213,4143.983962670111,4775.20569539302,9057.2362265945,474.0
2021-10-11,368.0,344.0203318355603,6301.478678078208,5910.3810363149305,6747.25016918467,563.0
2021-10-12,461.0,509.4086494096989,3526.228128149511,9152.099608435456,7662.671250841102,663.0
2021-10-13,179.0,168.53450423849878,1050.7171001877566,2872.096572961085,3080.661993968285,296.0
2021-10-14,516.0,611.2287719979814,5639.599393906335,9855.36016936881,12564.914283911983,728.0
2021-10-15,108.0,116.08597330195964,1322.494281335355,1485.203044027558,2071.419318870515,216.0
2021-10-16,289.0,275.0253172870481,2691.0713194049144,6044.002903972478,4669.48828120778,422.0
2021-10-17,363.0,441.9649803907373,5220.3338553877165,5977.858614090849,10903.2877516817,548.0
2021-10-18,333.0,313.0282970984632,1993.9979186399275,5289.142588608381,4952.514832517954,476.0
2021-10-19,243.0,261.3092462135828,2938.244804245,2258.576593642251,5885.646688911206,363.0
2021-10-20,285.0,293.67347257736066,2333.130119006936,4645.292869632138,6818.778545304458,414.0
2021-10-21,257.0,290.55148429456966,3896.93777118432,2893.807571792077,2625.355317939748,379.0
2021-10-22,247.0,286.60141267505566,3960.7168940260312,3006.3750672305528,5672.172236694723,386.0
2021-10-23,392.0,393.4976534031653,3020.27768752203,4444.423019633948,5361.699040195136,532.0
2021-10-24,343.0,317.5701827225189,2868.230563289905,3503.8166489431464,8564.409218143443,483.0
2021-10-25,238.0,249.9151683460997,3005.384522014755,5868.356200454993,3398.495502789639,377.0
2021-10-26,398.0,371.6397170020572,3523.575952584309,8368.226448223786,9630.211496199528,578.0
2021-10-27,339.0,408.3563460252383,3352.8691785171413,8036.217549943572,9053.708498691783,522.0
2021-10-28,390.0,396.31189202602405,3939.5158096645614,3713.066626993773,9840.268642814672,557.0
2021-10-29,373.0,359.5270288646168,1582.5615126129123,2902.1152697696707,8025.873811509477,516.0
2021-10-30,227.0,232.0223932374965,2268.693628161312,2091.163912545569,4240.138860562268,333.0
2021-10-31,255.0,220.8419032273281,2024.132915697949,3029.346114092068,4221.779502403425,355.0
2021-11-01,386.0,348.9539680872522,3293.288741379505,4200.730112963382,11141.5481792423,526.0
2021-11-02,373.0,418.17936383824417,5350.592421064956,7683.062928629793,5900.22880762639,555.0
2021-11-03,310.0,290.3723206978586,1936.3569164293176,4107.671832944197,4281.911003057255,445.0
2021-11-04,325.0,291.13112092571595,4045.0387736942766,6440.950080130111,7801.642570865691,493.0
2021-11-05,441.0,465.4880048005084,4048.077178420489,7827.694325427254,6725.292623816679,624.0
2021-11-06,255.0,285.72426393852504,2339.9866459240707,6479.510408623489,3652.651689359272,405.0
2021-11-07,369.0,396.4870258693505,4575.994244701079,3085.836193422,4193.990051504415,517.0
2021-11-08,295.0,325.0020218599121,3257.145108633243,6108.25870346714,5054.871123530081,452.0
2021-11-09,294.0,272.3237046267522,3450.547091362599,5939.248598660949,5746.19147039804,455.0
2021-11-10,426.0,366.1869581433576,5508.714234596539,4533.393190438305,9160.256295828234,612.0
2021-11-11,400.0,460.2476206814093,3603.951199949372,7816.139267367362,10287.477421790743,596.0
2021-11-12,399.0,386.7154774472467,3262.132965131778,6598.622474790022,9255.524145613834,581.0
2021-11-13,449.0,438.1734406756063,3031.3174367879647,6281.632441765984,8474.219391698238,619.0
2021-11-14,321.0,364.3687854015877,2420.0029791951174,3632.139467804507,6050.45933620188,456.0
2021-11-15,388.0,410.00272519091226,7320.262535671643,4569.126588703748,8956.843693807885,583.0
2021-11-16,289.0,303.05444112591687,3980.6867921207886,7021.151855175463,8009.876580733426,486.0
2021-11-17,353.0,430.58777697934,2104.898440261149,5310.430308411951,7347.38176640923,513.0
2021-11-18,309.0,289.3069837961396,1865.3174483171583,5726.346089720102,5313.7523309692415,445.0
2021-11-19,332.0,363.46656094948304,3806.875065529124,3805.329976555392,4670.721399450496,469.0
2021-11-20,383.0,385.3011728696239,4460.168220812682,4402.266747849186,4340.242677116755,534.0
2021-11-21,242.0,248.9941470917473,2824.09504579179,4817.844114732197,5818.973304136158,389.0
2021-11-22,534.0,615.9101761882241,4933.883624703352,4769.213645208959,12537.745791640647,716.0
2021-11-23,225.0,236.5604413458759,2166.546871225184,2956.272354638068,5282.43605777005,355.0
2021-11-24,205.0,216.0710895581281,2252.021328558121,3106.9082210685806,3942.4060962669687,317.0
2021-11-25,442.0,490.506211937273,4544.097488980954,6866.939200056712,12599.481950794285,623.0
2021-11-26,407.0,392.2305060956159,1360.5258998912036,5778.229323600555,6959.274491184407,547.0
2021-11-27,391.0,358.257474983392,2140.5674964972204,6562.737695539103,10063.043944918076,557.0
2021-11-28,392.0,351.26755355802,2920.609093103237,7106.7309448475735,7753.822883237756,555.0
2021-11-29,328.0,264.26510839661995,3462.386535750779,6021.679325691171,5378.265703941526,485.0
2021-11-30,241.0,290.8084683158217,4572.333917263123,2548.120284566527,5681.75901350911,390.0
2021-12-01,339.0,301.85563337691445,3766.903513301674,4655.444899837872,7619.621506899202,500.0
2021-12-02,264.0,258.90678686265625,2398.613163119783,5394.962259176218,5862.379017903335,411.0
2021-12-03,430.0,418.8499089411461,5499.008380498679,8195.874355421061,8825.56223751993,631.0
2021-12-04,319.0,329.160545588952,3655.867078185023,2817.2924787691422,6314.268620496638,477.0
2021-12-05,252.0,272.8728521577148,2840.88417326827,4183.427025301119,8661.257319142944,404.0
2021-12-06,303.0,329.61721648532614,3587.557558244514,1850.7492313061607,8226.577426154896,441.0
2021-12-07,377.0,355.711888830933,6107.8657475559685,5745.833799900846,9192.967703433744,570.0
2021-12-08,280.0,276.1857559779267,1855.8672998386385,6611.898502434598,5806.01016664625,441.0
2021-12-09,255.0,263.07351475103684,2921.966400858917,2746.351718672088,6662.92762712929,391.0
2021-12-10,363.0,354.2193009105317,2622.9984235828592,4084.979358791328,8394.040850866015,500.0
2021-12-11,364.0,422.7443464446661,4249.001568881408,6715.24498315266,7341.34633934661,532.0
2021-12-12,289.0,304.0713076138761,2099.5898472623603,2335.361672265219,5268.90491092361,410.0
2021-12-13,294.0,315.8881435960726,2574.186504206698,3576.065864572008,5742.401571127515,415.0
2021-12-14,365.0,389.6307117039199,3330.599626548724,6461.877924093713,357.166894420882,494.0
2021-12-15,198.0,221.4977600027128,2562.6777214259346,2407.709911226607,4215.198375260668,313.0
2021-12-16,203.0,206.8189264604945,2591.145235957986,2831.415406442807,3467.4535535695727,311.0
2021-12-17,272.0,237.50207282075385,1709.0780531276005,5007.241599480636,8065.587117137208,396.0
2021-12-18,324.0,337.20231059234004,3295.863154071088,5478.715414897078,6522.487439584719,464.0
2021-12-19,377.0,352.9422026043224,2971.661196074413,6116.293669875012,4857.423469755795,520.0
2021-12-20,494.0,468.6781973246301,3080.099745352416,6667.396159922315,5406.165034575013,658.0
2021-12-21,433.0,459.37151224548745,4056.7665753197953,5738.720947927828,5954.90659939423,605.0
2021-12-22,333.0,374.2705533752012,3022.114179130119,4810.04573593334,7606.594126408037,489.0
2021-12-23,347.0,348.7310057774717,6013.332594263023,5936.766197488626,7567.297482607324,540.0
2021-12-24,250.0,258.24528061750163,2830.468101867644,3197.4449765547706,6449.858087871432,402.0
2021-12-25,349.0,409.3224249770449,2052.2226371963848,4959.363089106928,5335.822843797431,485.0
2021-12-26,323.0,331.4330482956261,2688.060267938448,3412.8587841779063,6538.864173899264,451.0
2021-12-27,385.0,485.9899932009754,5038.252475392976,5724.068575591753,4554.5330838303325,547.0
2021-12-28,271.0,286.8932376587772,4416.647051984232,3082.085662030139,6573.6435261974575,431.0
2021-12-29,407.0,335.39839608040137,2133.905277886127,4065.368646209223,9408.806986804912,553.0
2021-12-30,509.0,547.6618510552863,2220.639861416329,8232.224801724069,11700.956258919732,675.0
2021-12-31,346.0,359.21580772257727,5402.478865430649,5521.66204406756,6923.895559534303,524.0
2022-01-01,397.0,449.2836617363302,4444.719543011604,7371.331161749703,8949.511609143126,594.0
2022-01-02,427.0,456.4752461503858,3162.7777462627228,5585.529580011881,12670.590908344064,610.0
2022-01-03,319.0,315.0099515702396,3706.6609015263057,5378.044704541852,5842.24321609798,483.0
2022-01-04,382.0,335.97715890004406,801.2105437671852,6691.66621336342,7975.468009238739,524.0
2022-01-05,362.0,355.00617562590656,3629.522188342566,6164.483188356007,4888.822000078256,510.0
2022-01-06,371.0,340.34171542641906,4085.62126021638,4197.622338829747,5501.735626257797,522.0
2022-01-07,285.0,269.20546238528726,3650.4261318333815,4479.043508611058,5883.660790427382,437.0
2022-01-08,366.0,388.0018647205703,2549.7644572496365,6096.965746236827,9755.801532325002,526.0
2022-01-09,414.0,483.9141523428559,4253.28006052603,6233.422227414435,7655.740059011814,587.0
2022-01-10,510.0,531.030277330036,3690.368930678741,2866.4027606330105,9494.222687424011,667.0
2022-01-11,462.0,407.2472182767777,4980.0396631892445,7272.533528838437,8122.026447430282,654.0
2022-01-12,582.0,608.7519468318426,4262.860119498918,12704.399563334588,9786.7140326861,818.0
2022-01-13,291.0,326.56962603723827,2559.5878979320128,3902.462891330272,6349.556861917909,454.0
2022-01-14,456.0,428.67770715922967,3201.3375839813766,5352.026116045013,5029.179036963943,608.0
2022-01-15,388.0,383.29000660770913,4643.85777552115,6480.148689447962,10755.774000676667,576.0
2022-01-16,590.0,590.886736056894,7419.711279315398,9679.693953273423,9444.726863357408,834.0
2022-01-17,291.0,268.2383369708492,2705.971957677821,5928.630065796766,7082.526165725156,479.0
2022-01-18,288.0,307.5402294176964,2921.299339109815,2697.4314618272488,3575.5544305885114,425.0
2022-01-19,313.0,309.92664316318456,1773.849590664652,5738.33780025429,7533.396153855566,454.0
2022-01-20,162.0,168.94191039894054,1475.6278902321085,2862.8830625612345,3896.485628500172,261.0
2022-01-21,322.0,294.16995876589203,3179.578633914411,4635.804851767097,7200.568218347709,453.0
2022-01-22,300.0,287.2068290182994,5364.888824401006,4962.940274734178,4214.880031230047,459.0
2022-01-23,392.0,420.48767462643247,2613.3853721137066,7699.08163628984,8430.352193766686,564.0
2022-01-24,412.0,396.786000716683,5931.916616904356,7800.157116737825,5317.451439477829,611.0
2022-01-25,566.0,664.2713890241876,7358.484502932545,5583.144367897999,10469.894462794206,797.0
2022-01-26,474.0,455.75197235488895,5146.910683455293,8872.922891958508,12426.59339221264,717.0
2022-01-27,322.0,330.09131434826577,4931.623145294703,4748.587057195074,7999.985157358748,529.0
2022-01-28,291.0,318.7171623484937,3240.7330329481765,4468.543208222636,5857.145604019922,461.0
2022-01-29,431.0,370.2130428042635,4817.667275566759,6613.12126441441,6104.8327641767855,619.0
2022-01-30,251.0,206.82087795021664,2470.2053305651307,3595.5992048588623,5992.752869648839,398.0
2022-01-31,567.0,480.5123560425672,7751.566025264959,11546.051825381466,11406.340154230806,819.0
2022-02-01,502.0,566.1067647757625,6679.837886719832,7350.29503912869,3055.1222743192893,731.0
2022-02-02,338.0,319.91680808172003,2750.4604384960444,3373.176295319477,8362.06197927482,517.0
2022-02-03,215.0,270.0298347218801,1299.2229254845377,2844.560617906115,4269.191023117498,333.0
2022-02-04,522.0,493.0501701615382,4907.147401975347,8258.193722528153,14220.610701797914,720.0
2022-02-05,376.0,383.446421237648,2861.341999770327,7730.058133207489,5055.758380550709,546.0
2022-02-06,512.0,591.571836078127,5027.659879263553,9078.98106992922,481.6672854051104,692.0
2022-02-07,230.0,276.2641569978039,3155.248767948877,2570.8500931234857,4987.374657917339,376.0
2022-02-08,330.0,398.5083482547847,2850.6959178287284,8650.89939832341,7185.928574542199,502.0
2022-02-09,391.0,438.9657322851951,3866.097201762781,6341.253163296218,3860.00341378793,554.0
2022-02-10,396.0,437.2044382246762,4034.944253409733,8225.003951308667,5603.435833666559,579.0
2022-02-11,347.0,368.25589457545385,4361.4502832478365,4977.494642081567,12700.339593949317,537.0
2022-02-12,455.0,491.1820640828602,1485.3143321312932,7929.429276910976,8278.604237701524,619.0
2022-02-13,287.0,271.5787717170546,2351.0748416881297,5397.079079703824,7008.977932463521,430.0
2022-02-14,380.0,349.5466440225936,4048.254704879024,7797.349342583414,6127.683506400455,549.0
2022-02-15,407.0,407.5680186119816,5544.892693890692,8055.511350424773,3040.7427932382025,596.0
2022-02-16,447.0,440.2339996044588,3817.6540517751614,8475.620503708824,8499.609461149044,649.0
2022-02-17,468.0,447.07729067713154,2046.6400768518524,6360.529864999545,8619.742100090223,635.0
2022-02-18,285.0,305.2722969819565,3384.568105195772,3546.676342393673,5023.205708884749,425.0
2022-02-19,245.0,268.58464796189554,1984.3360706421904,4044.405294867324,4734.645224215958,366.0
2022-02-20,527.0,531.7085030165621,3389.452302554313,10118.85449051615,11376.674545705937,711.0
2022-02-21,433.0,497.2190056281042,3520.688550776088,6063.979524419968,8274.022405617528,603.0
2022-02-22,325.0,288.6221967226712,3077.8414306318573,6449.060381024069,4045.379033814585,478.0
2022-02-23,556.0,545.6900551580871,4555.105021069896,11984.495217584705,12752.60458840841,776.0
2022-02-24,413.0,383.9452057687439,1399.3080404806085,4498.461220441714,3434.3762310489697,548.0
2022-02-25,520.0,423.4442688655489,6607.290222183537,5848.569138627927,4007.656440277176,701.0
2022-02-26,410.0,406.707903980407,5669.459789808177,5892.425127887837,10020.793989562331,620.0
2022-02-27,610.0,602.6420555948325,7293.116083477908,6612.713653293191,14057.295617669924,874.0
2022-02-28,580.0,667.9733887546741,3821.532840142364,7333.002178698545,11403.564186968348,805.0
2022-03-01,380.0,404.361572387918,3573.7529138337622,8020.016199297645,4422.650948821211,573.0
2022-03-02,503.0,451.521211258832,5020.579737943716,8505.587563843063,7924.188319868706,716.0
2022-03-03,471.0,558.3686441976297,5775.431181636223,7149.131485466536,8678.113111356886,689.0
2022-03-04,543.0,610.3822603458557,6530.28262532873,4644.57410329902,5670.61214920957,753.0
2022-03-05,311.0,329.3150881092,2426.5768710051643,2825.3333115679275,4844.088743114612,463.0
2022-03-06,476.0,466.08063363262113,4886.118779864163,7756.25470259182,11404.129291355395,681.0
2022-03-07,514.0,465.3108062572654,5853.000430391894,2781.047662498155,14701.58780208753,715.0
2022-03-08,233.0,224.847596547262,3355.3799305195,4567.313340377156,4083.073310000939,395.0
2022-03-09,291.0,323.3949573810255,3532.81627659314,4167.076753442272,7156.593168807892,451.0
2022-03-10,206.0,245.5228173767902,2554.924806356077,6113.786400892624,1759.2398816082027,345.0
2022-03-11,384.0,443.3828495537937,3937.654396604163,9750.768830721538,9201.913818781077,577.0
2022-03-12,483.0,459.6974902733392,6878.377580592829,6855.227170075772,7335.086682457209,700.0
2022-03-13,562.0,499.3616061265631,6314.452607086498,8165.719510097538,12283.357890675625,806.0
2022-03-14,419.0,425.914147906665,3115.0067474880616,8181.590002611663,7775.607777768671,627.0
2022-03-15,575.0,474.0900212149274,8184.196907561326,12704.399563334588,16081.726962422044,862.0
2022-03-16,275.0,284.45734866100497,3332.450586333023,2102.1531159931765,4065.330732585964,452.0
2022-03-17,243.0,240.09887202128849,2113.0548470685367,1696.442709388919,5791.588164317082,373.0
2022-03-18,408.0,389.88212849128456,3501.150460024613,4989.415771696621,7492.993635763397,561.0
2022-03-19,453.0,381.0555025347755,4936.875268935705,7989.107016054012,8636.42423096779,648.0
2022-03-20,412.0,433.281023919217,4693.803964619626,7103.182377426203,7787.682598647359,611.0
2022-03-21,209.0,197.9312303178476,2214.425857130461,4142.473686999307,3120.545625745335,349.0
2022-03-22,407.0,359.6649649710604,4453.5821984118365,3910.804855963656,8111.898542377636,569.0
2022-03-23,286.0,203.9879845578712,4321.41665949138,1309.9877728653023,5616.203771154551,427.0
2022-03-24,483.0,482.6664489907092,4560.925146804646,9128.720313863096,10380.52233276306,708.0
2022-03-25,454.0,534.5479649331531,4800.433634117911,5118.8352366232575,9311.720473000338,658.0
2022-03-26,323.0,377.5907189791864,4152.379702421128,1915.856997721931,8026.325649535747,490.0
2022-03-27,366.0,349.9972342436224,2531.5468706559745,5740.843935339938,9367.48152735223,532.0
2022-03-28,312.0,293.75321511660974,3498.918280767155,5804.332732696971,4281.135578067347,467.0
2022-03-29,412.0,431.9090375389914,6365.079143723397,5961.926685348354,10401.9483578831,619.0
2022-03-30,514.0,463.2933079118951,4810.10982797477,6659.769931354526,6630.072585586373,715.0
2022-03-31,320.0,330.59138441742283,2393.032635801296,4583.468388711814,7550.014905532196,483.0
2022-04-01,470.0,506.2080836988764,3782.066203867852,6268.722808990075,11152.120418118224,650.0
2022-04-02,367.0,412.08449196763695,2470.6500292548453,3279.14615182459,3131.706110207764,493.0
2022-04-03,341.0,337.65327507044753,2607.717822437572,4019.138213186179,7011.658603234341,473.0
2022-04-04,409.0,401.5736293268495,3643.587766174702,7110.420220141772,7046.170475647371,572.0
2022-04-05,317.0,289.4954787353525,1835.3822626863407,5219.779945961912,4902.374883270987,449.0
2022-04-06,365.0,335.51993373427507,3674.780504953669,5763.08014871315,10279.846274243184,527.0
2022-04-07,301.0,294.74558588560626,3832.0708167392536,3173.1281423668675,4848.710528752177,441.0
2022-04-08,618.0,640.7638234099667,4497.445632537241,8766.069233871103,9370.841103792844,813.0
2022-04-09,425.0,464.1800495484029,6191.791778572303,2213.044660271178,8699.632432554616,611.0
2022-04-10,352.0,323.74963874778945,4059.666519402599,5859.465938388939,8488.530253280407,539.0
2022-04-11,443.0,509.7942914979191,5807.253170893679,9505.8872165067,8494.631981106526,671.0
2022-04-12,411.0,399.9797393048868,3299.9041012858725,3439.649673721517,11099.68085111357,593.0
2022-04-13,400.0,399.5706265282943,5030.78523326095,4950.5997963541295,9284.224072955858,589.0
2022-04-14,484.0,447.9202721434014,3255.131996441907,7978.314229876909,3355.113391227429,658.0
2022-04-15,498.0,377.70236326259135,6317.213787012248,6390.329136669425,8387.491081078511,731.0
2022-04-16,369.0,402.59550143271207,3889.638544922524,4802.344043461941,6150.966092630887,556.0
2022-04-17,365.0,392.4109706319935,4261.415454006609,4343.692427547443,8360.79809000551,545.0
2022-04-18,395.0,384.5320395424261,2561.213000978742,2429.310653859623,1682.002623070295,517.0
2022-04-19,193.0,194.36371485392016,1412.2689586976635,2985.923592320368,6814.235223691507,305.0
2022-04-20,271.0,285.8504633445565,3205.28528398245,6575.289688530119,6302.597857711377,416.0
2022-04-21,560.0,472.5847263770839,4007.5156085689537,9100.624362830102,11702.387689372626,752.0
2022-04-22,587.0,556.8654980476527,6696.780767591846,8760.637570111501,15927.821385042753,826.0
2022-04-23,398.0,430.28100037601394,2351.294701439828,6557.048359174794,13577.76495648321,592.0
2022-04-24,481.0,420.8575545209556,6036.624552895511,7194.220036309396,12138.422393299572,700.0
2022-04-25,454.0,468.05894123685175,2865.781451396329,5157.070320318818,11682.823008509356,637.0
2022-04-26,731.0,632.2552903131849,8513.845193144287,12704.399563334588,15203.34000435778,1013.0
2022-04-27,535.0,560.5397520133757,6360.784485732854,8577.484091590697,10256.419996225584,797.0
2022-04-28,410.0,409.33769159051326,3249.313046082366,6194.587758346295,7043.291113052957,614.0
2022-04-29,328.0,275.04033291965254,3852.9474770540014,3480.5705275793525,4934.510434953685,492.0
2022-04-30,262.0,293.5193037412644,2834.3944559213546,5485.58340180698,4174.2798695424735,414.0
2022-05-01,443.0,411.2429817714517,3720.9854820314326,7985.335253506259,5280.30653481387,617.0
2022-05-02,347.0,319.63177032681654,2425.767770617497,4351.791744060306,6797.934118560726,494.0
2022-05-03,281.0,286.79867073374874,1156.162333665494,5484.9186514739695,7190.916322873959,393.0
2022-05-04,358.0,399.8493192108911,3962.7400674754313,4576.747367229593,7583.898527187192,503.0
2022-05-05,315.0,283.0648347821746,1671.634738019081,3617.317971573035,6232.727220497431,432.0
2022-05-06,591.0,595.4939651054673,6087.721363220036,6854.338223547504,12358.645860709526,787.0
2022-05-07,511.0,533.1074203138485,4707.855015377033,3593.741687446463,8622.296806013675,689.0
2022-05-08,422.0,451.3653536104611,5081.1039305336,7227.321142948992,16234.793448964798,638.0
2022-05-09,570.0,580.843982762456,5190.5333177960365,3858.339913257465,16073.369443803758,775.0
2022-05-10,430.0,414.58196734762817,3878.41911806632,4076.541977985697,5393.81822282871,599.0
2022-05-11,336.0,308.5278100379452,4102.1777131293375,1903.7770762064624,7197.273176640696,490.0
2022-05-12,574.0,579.5983018041582,6324.101942222176,8397.151885068542,9396.62390144566,795.0
2022-05-13,476.0,425.0187292297708,5212.115094562385,6818.856607546243,6623.464777158537,688.0
2022-05-14,318.0,225.2890379385596,3630.7107802471264,4306.090761973525,3806.318516628981,487.0
2022-05-15,402.0,420.35214721939946,2172.246791217321,4151.902842423748,9099.878127228149,555.0
2022-05-16,334.0,364.2392234487537,4098.840155378368,3248.5589827164085,5315.211533515834,478.0
2022-05-17,283.0,216.21995110591172,3351.39555535314,4838.409987552318,7306.441574052877,437.0
2022-05-18,513.0,461.9207362835676,3570.8900361417795,6434.078627463208,13339.65202288516,693.0
2022-05-19,611.0,649.7853838570089,5670.935667493424,10049.598165575291,16551.339956044594,844.0
2022-05-20,280.0,338.65462352323755,2775.544440020121,3094.132060727609,4180.888283940772,432.0
2022-05-21,476.0,477.76803635220085,4575.391634169961,7540.118802477632,10895.392133359135,672.0
2022-05-22,355.0,329.30706782820147,3907.354580988185,7410.388489687859,8451.007014567715,547.0
2022-05-23,371.0,364.4634748967722,5306.735791455826,6548.07621721844,6368.829367964303,568.0
2022-05-24,360.0,410.01526031273886,4774.359740136307,4737.895068444146,5539.994716401159,543.0
2022-05-25,333.0,311.50706049116974,2019.2075485736057,5380.717833698299,9876.382446152247,497.0
2022-05-26,423.0,390.0990350020568,5031.076686017953,5900.580572284649,9058.39599696606,610.0
2022-05-27,335.0,319.53369753684336,4695.947742816622,5048.02660802271,7995.952121147709,520.0
2022-05-28,445.0,403.10080957385645,4972.852869802645,6030.802438912345,6713.783327674907,637.0
2022-05-29,413.0,418.2675138197962,5484.36329061476,5892.417879971631,5241.134617715276,609.0
2022-05-30,394.0,458.0229987146326,6318.650829510721,6286.187921625052,6533.972910689137,609.0
2022-05-31,326.0,337.3803085168381,4271.924389987615,3441.3918980614662,6293.230687100819,509.0
2022-06-01,359.0,350.4931436351285,3864.598800785601,3749.7601282687615,8056.493611305821,522.0
2022-06-02,492.0,478.07220752143,6468.359351822714,4309.636957985054,9819.756535510824,694.0
2022-06-03,466.0,393.7009354301899,4869.301518404211,3639.275137436128,4605.321974664434,644.0
2022-06-04,318.0,346.56654869710337,3207.279485450429,3032.3002538705928,4228.851174607624,467.0
2022-06-05,425.0,422.4572133589248,3808.8466923649257,6692.094980091906,10229.354473272728,609.0
2022-06-06,490.0,481.7537837915136,7207.153383649381,5388.083912064368,11589.513318628557,711.0
2022-06-07,248.0,327.39233677661895,1872.2515031282485,4295.86092655963,4379.606552988509,400.0
2022-06-08,469.0,483.0623493186153,6846.761948009706,7109.011525511368,6516.697057318987,678.0
2022-06-09,348.0,321.89648494199,4002.589455550633,2137.7129818241933,4815.661250567657,509.0
2022-06-10,470.0,450.9113984142196,2732.7369892534143,8453.08654702246,8365.011131546129,653.0
2022-06-11,337.0,375.9341308805288,3743.9990918650974,6288.448744113209,8048.172674122168,515.0
2022-06-12,232.0,235.2758362291924,860.7521097342207,2449.1524692374905,5948.500502724166,344.0
2022-06-13,249.0,214.012748657808,2968.7106753870853,4222.11767968197,4254.599991559058,369.0
2022-06-14,417.0,455.4542111227959,5278.842824893701,4649.03008861285,5455.427631996567,575.0
2022-06-15,437.0,408.6004457536592,3600.4560783639813,6760.277335800039,9460.770906608994,617.0
2022-06-16,321.0,381.1642343740748,3329.2504804110054,2988.6780659413016,4834.269582310406,462.0
2022-06-17,474.0,526.1776444878009,7532.88998542519,3291.4552923326587,8021.079981289184,667.0
2022-06-18,244.0,233.5075417412181,2073.5425048439783,3245.534852406129,6832.557881225337,393.0
2022-06-19,403.0,455.2425066873293,2753.515937237673,5828.524087757729,10073.630225742323,565.0
2022-06-20,288.0,290.5695106827833,4168.984876659592,3812.680350158632,6045.781367202924,442.0
2022-06-21,344.0,373.4250433881609,5466.702090924997,3327.9194585106693,4255.780648305775,505.0
2022-06-22,413.0,433.60222731151777,4140.143295391308,5459.124663674958,8795.662075457412,595.0
2022-06-23,322.0,295.0410299052005,4660.731304824925,5225.410007217105,8501.517170655707,503.0
2022-06-24,369.0,345.6736833949567,5181.319314258542,5467.108394086441,6556.3258723629815,557.0
2022-06-25,508.0,560.4039529553507,4082.852777317782,8038.37274339713,14280.283838845537,719.0
2022-06-26,349.0,337.59930957618366,2984.3862403770217,4186.092772926949,9695.134895153198,518.0
2022-06-27,490.0,470.3031890762291,6710.555040385504,9935.369524107591,14693.935364789444,731.0
2022-06-28,293.0,265.08478659307656,4412.290661067772,2844.9654081482645,6398.30405327774,474.0
2022-06-29,458.0,477.982270466148,5359.918281726063,7884.452678324764,10787.274384330192,677.0
2022-06-30,549.0,662.548172056263,4042.8712713355126,5293.604174085524,15645.784596881247,786.0
2022-07-01,157.0,140.6557592094306,2513.339638789993,2702.755669846284,3572.010237334153,302.0
2022-07-02,324.0,325.2502796184486,2727.8009116375542,4571.263066827491,5513.493009584432,464.0
2022-07-03,461.0,526.5410000535593,4149.953666052286,5823.88827817633,7985.968019583183,629.0
2022-07-04,382.0,379.843335642264,4222.163488761081,7528.588210816769,8205.900703946347,570.0
2022-07-05,439.0,459.7285785005598,6449.0259238149765,3781.063930944549,5390.8566131937005,628.0
2022-07-06,341.0,305.52118785102454,4294.142010900052,3635.25402939052,6542.92843557488,516.0
2022-07-07,410.0,427.99206949892266,4614.937096039951,5421.972062374423,10908.50327531222,604.0
2022-07-08,385.0,378.486805466002,4393.128726642126,7933.737709520433,2643.034972495205,571.0
2022-07-09,517.0,568.5870522025169,5243.252979824735,6232.668455444467,15116.574847626964,749.0
2022-07-10,425.0,476.303367800038,4970.387938498794,4531.599201368503,11382.114659412557,631.0
2022-07-11,433.0,545.8664383828783,1045.515611499157,5898.343467778072,7475.642997044651,587.0
2022-07-12,358.0,378.9167670933453,3262.8721581897767,4382.244073864963,8330.850958778468,508.0
2022-07-13,350.0,361.5090124753669,3754.490374431599,4133.295899764712,7008.668016972346,500.0
2022-07-14,355.0,362.0304292186905,2325.003505735595,6891.24655510819,9723.365273726617,514.0
2022-07-15,437.0,421.9033815473384,4880.365206700506,3860.54849127015,11325.634926566256,609.0
2022-07-16,355.0,367.3546285212183,3335.311046703431,7902.307991051914,4121.646725413474,523.0
2022-07-17,425.0,413.3447597923387,6502.378827951401,7976.343519774661,10019.31831923054,648.0
2022-07-18,604.0,614.1896030856036,5329.201854373248,12025.247093953212,11335.073370233406,892.0
2022-07-19,483.0,546.7685153252044,4156.024880795097,6240.268161258015,9902.37700259287,715.0
2022-07-20,362.0,326.39748089203,3465.0474350975046,5199.036098032428,5672.911458219169,547.0
2022-07-21,515.0,573.9072048630227,5037.536895740857,4405.232392736119,15707.312028208033,716.0
2022-07-22,353.0,400.3852433311149,3058.499489419637,4471.525415280259,9283.511949073438,524.0
2022-07-23,190.0,188.0717310011084,2014.538731069368,5286.2531463454725,2961.6217921539933,310.0
2022-07-24,292.0,230.72080393478623,2262.40272408074,6100.980877410685,3512.09764510456,421.0
2022-07-25,206.0,193.60432253385304,1362.1624033101664,2065.003751836688,3645.67102042809,297.0
2022-07-26,357.0,403.9884367256103,4244.127718323538,4775.921378214536,8084.42720349702,502.0
2022-07-27,394.0,393.2479204501344,4685.878500219339,5643.883808656669,11740.650990936216,567.0
2022-07-28,559.0,503.592568767295,4244.985741950488,4878.285918242756,15396.874778375412,746.0
2022-07-29,424.0,402.7015927785668,5380.282257258086,7490.22966767707,10492.266749506698,634.0
2022-07-30,369.0,400.092090919876,2991.3908416212894,4333.607051040503,9528.36939766431,541.0
2022-07-31,473.0,499.370093375645,5094.440230889637,6685.934478605924,10398.226776218977,672.0
2022-08-01,168.0,164.9606889000909,2105.897070127852,2191.27445522222,1971.234852383709,289.0
2022-08-02,413.0,398.08885723322487,4090.806996968552,4730.851140493231,7779.723984370278,571.0
2022-08-03,466.0,448.08221855307136,5299.727270459064,6980.494543204598,12293.288126409629,670.0
2022-08-04,240.0,218.76168899480632,2036.5447922747285,3381.0442829345234,4745.319418755967,379.0
2022-08-05,502.0,584.03778844164,4731.7850964864965,6700.825945189305,11574.053948754095,691.0
2022-08-06,421.0,408.28530644431527,3958.2886680549977,4945.285476188575,7630.8216075752125,594.0
2022-08-07,346.0,388.2320767631854,2685.8707365213468,5689.2348529423,4783.569358936377,497.0
2022-08-08,450.0,519.0570123230632,4266.268275421626,10110.218752305424,8676.964153382294,650.0
2022-08-09,613.0,675.2108344679871,3287.029087115629,8996.992417726258,13416.832745877597,820.0
2022-08-10,404.0,387.1923186198436,3450.3337238197805,7883.766083147091,6501.18733303624,587.0
2022-08-11,410.0,427.5085671233508,3758.0036153840015,3593.072340367793,7637.222240690334,571.0
2022-08-12,339.0,338.96974296057533,3136.775493558446,5338.105609999145,4880.505857140917,489.0
2022-08-13,300.0,273.2362168469874,2786.1934428739787,3022.394115470602,8024.840113176256,437.0
2022-08-14,468.0,483.2264124536664,4593.724140135079,3909.971527314005,8533.987642679713,627.0
2022-08-15,299.0,263.79541670314603,3420.6906286147955,3490.820306705976,8587.829081053236,451.0
2022-08-16,391.0,437.97496936956674,4941.8644099390895,7971.915860324088,11420.437341684465,593.0
2022-08-17,336.0,320.60273960582754,2706.8424425613493,6480.747375108835,6560.988307686171,506.0
2022-08-18,431.0,440.2438737966207,2757.85637738822,6945.361485168856,6019.999121516875,592.0
2022-08-19,416.0,428.5180984626376,2864.430473285389,3376.562863792084,3118.936332810524,542.0
2022-08-20,486.0,474.1878923251675,4156.41335323569,6871.902777943194,5436.37536612609,650.0
2022-08-21,331.0,351.19649336245146,2967.1060618725296,5426.386595707457,3900.192172264283,479.0
2022-08-22,355.0,338.57395495224887,2733.450261678752,5612.597617122196,10048.99292909212,513.0
2022-08-23,284.0,309.0500731489707,1737.424550281963,1905.513759991288,5883.175550175584,392.0
2022-08-24,337.0,292.0311276821313,2912.75816888006,3709.7954862856577,7537.863563685834,462.0
2022-08-25,419.0,424.6427248674416,4421.6708414766335,6169.228716211716,2800.152521986629,568.0
2022-08-26,457.0,545.6724223824166,5386.41090366283,7958.806485176648,5855.856072196262,652.0
2022-08-27,288.0,259.9895190659935,2405.780495117232,1478.361995213215,7315.357137567032,427.0
2022-08-28,467.0,436.1178004937325,4098.612285815949,6676.060465581674,10161.446721537492,645.0
2022-08-29,516.0,542.7239459988098,3726.887687465425,8075.228810496939,9868.003495952427,707.0
2022-08-30,421.0,429.3279603713148,4177.761474032309,7938.783142862072,9864.427762382664,620.0
2022-08-31,567.0,587.7893061188503,4233.366649774184,10288.73000357886,16551.339956044594,793.0
2022-09-01,302.0,317.4203156051244,3546.481099038382,5332.581579610596,5650.987085393581,477.0
2022-09-02,255.0,271.54419735128715,1185.378411510889,2910.914551665028,5213.023930822997,372.0
2022-09-03,201.0,224.1360180724145,1799.816665505443,1294.0099956246358,4268.097129218264,290.0
2022-09-04,529.0,550.7333331893417,5768.422174750645,7000.02333414287,16551.339956044594,722.0
2022-09-05,444.0,433.99221566502695,4692.480077600419,8675.334180684717,3292.656512064246,635.0
2022-09-06,373.0,398.6999127662205,6753.88729109123,7946.128855584466,9002.893081561604,606.0
2022-09-07,406.0,484.3108320411708,4496.972467902343,7406.151044241373,7859.419829786381,622.0
2022-09-08,266.0,262.7788567980122,1860.93792752868,4509.187502800483,6231.846204491099,422.0
2022-09-09,623.0,562.5708502841038,6054.634134149974,10414.577777310897,10007.794042731632,849.0
2022-09-10,391.0,434.8999050151658,1829.041334546988,4893.406990921789,7716.004800779988,554.0
2022-09-11,389.0,384.7820315987849,3800.531551324651,5614.111918789201,9451.851164855458,560.0
2022-09-12,451.0,353.028184350658,3383.024464442063,10152.824696920346,16551.339956044594,657.0
2022-09-13,426.0,462.6072226908993,5435.82692880379,4588.145324033243,10596.955719449685,621.0
2022-09-14,400.0,379.2393483590839,3346.308946483004,8921.9519121121,5974.922331920875,589.0
2022-09-15,299.0,296.4905015102147,2887.1836818350043,4054.4111368401727,5223.253535031291,449.0
2022-09-16,425.0,439.4714040581986,3442.501278570988,8917.23905868182,7349.852234724747,605.0
2022-09-17,566.0,577.1641379362517,8513.845193144287,4910.090723133547,5225.452984075626,780.0
2022-09-18,512.0,549.067479182024,4632.844901068159,9042.16816655666,9238.473654688196,743.0
2022-09-19,537.0,514.0567933425976,8329.4179236436,6279.999707288426,13112.460246257264,796.0
2022-09-20,327.0,343.80546852871413,4069.00135078536,2822.6552503522626,4040.2728059961046,510.0
2022-09-21,279.0,271.9550980092732,3195.7983774405216,4462.593102608226,7340.462436687562,450.0
2022-09-22,365.0,392.6219481924585,4060.540661998008,7144.98383952316,8382.218480407906,554.0
2022-09-23,383.0,407.4179367232348,4291.419606784566,4297.703041069919,5985.20945541254,554.0
2022-09-24,487.0,442.0762704856005,2056.611158328317,4025.662912905461,9339.805607797754,636.0
2022-09-25,209.0,231.80158375312595,1916.0043539059457,3049.9957447326856,6187.086323371376,326.0
2022-09-26,531.0,502.8908863545996,6660.979752880487,7761.483504185314,12966.121502839578,740.0
2022-09-27,362.0,392.0095944323201,3573.807173523615,6335.461505627694,7273.13981598256,547.0
2022-09-28,335.0,348.2503508144377,1943.063673184516,6474.104508786649,6239.20899427661,491.0
2022-09-29,277.0,328.5111548881959,2731.386247603718,4088.324679933892,5677.581026380415,413.0
2022-09-30,213.0,208.5815977235464,3224.201056695585,4981.654299966141,3611.878386215504,348.0
2022-10-01,461.0,445.1737838417374,6338.399280471098,7384.774777790307,3400.380883412509,648.0
2022-10-02,386.0,385.6992262157133,3792.612671188813,5194.301563274146,12464.188125753944,578.0
2022-10-03,250.0,242.6936936651509,3217.2084094966835,1939.1695478479407,5238.8846510276935,389.0
2022-10-04,249.0,269.93609357021575,2224.6050372155187,3453.708969529948,5595.926191783137,375.0
2022-10-05,346.0,290.1227161288813,1691.6557101948567,4667.002598691433,6800.886738766884,468.0
2022-10-06,546.0,489.1252947719215,3951.0265748139086,10563.644187289572,8523.19459425407,730.0
2022-10-07,354.0,316.2726862309011,5200.986844346391,6048.130675554968,6686.637858554112,541.0
2022-10-08,229.0,251.80022154687973,2110.468258482488,2228.849715130629,2392.295080449678,349.0
2022-10-09,355.0,416.8065518020813,3299.343325128867,5614.721854085937,11981.232765607228,518.0
2022-10-10,353.0,349.7783742131663,3216.751711925524,6370.20376033042,4451.226599721744,505.0
2022-10-11,111.0,109.433541826104,1748.9914262565155,2435.093268112933,1537.0288698429308,210.0
2022-10-12,375.0,378.4758405443874,5591.745520064868,7138.674295788581,6524.049597605477,553.0
2022-10-13,358.0,400.11138326853137,5970.672083254548,6604.243373813309,9939.608661500992,570.0
2022-10-14,451.0,409.60481087896096,4299.308808665132,6894.155654652019,9068.747053277164,656.0
2022-10-15,567.0,580.5720748602088,6173.458612104003,9496.703155910463,7135.361077590817,798.0
2022-10-16,495.0,543.4220384190543,2698.52947237662,10211.086128033125,13629.140837528068,716.0
2022-10-17,355.0,373.7587811198081,5136.264237432817,3204.20330701528,8679.555572483087,543.0
2022-10-18,272.0,277.6709263078202,1770.3709943967808,3659.0636371158807,6330.451208722322,411.0
2022-10-19,640.0,705.0023770798751,6825.265134656899,7384.800471110341,15569.077200273883,862.0
2022-10-20,389.0,284.43189108491254,2614.8501478784065,6512.161453734839,13396.116628827229,581.0
2022-10-21,385.0,411.8004631558486,3175.2737638662616,7919.866052002561,12769.345393150816,576.0
2022-10-22,382.0,357.2438278352787,2862.336223085704,4706.825201552223,6069.948201760768,533.0
2022-10-23,404.0,330.75473937047803,3310.3843777816915,1718.1267918098065,12042.231189504671,546.0
2022-10-24,371.0,390.0126394238675,3110.3314373381327,4877.385522018668,8273.929960266565,519.0
2022-10-25,328.0,373.6745173217863,2745.04718855568,6278.679883882768,7554.725369565061,481.0
2022-10-26,331.0,327.10652321523,4145.8157292218775,5777.387295941197,3265.700058060225,485.0
2022-10-27,383.0,420.074127241243,2564.046944715923,6491.927500429796,7278.486209560421,541.0
2022-10-28,332.0,386.6030586825031,3549.533059749692,4574.4147368018985,5034.860969222324,479.0
2022-10-29,316.0,358.072069935352,4320.909524944007,2925.473045402101,7901.491291555877,470.0
2022-10-30,398.0,464.2898749206534,3374.652140584908,6908.057852001552,10540.881337588997,576.0
2022-10-31,363.0,390.190867304599,2850.024347304605,4084.8350287813983,2743.538072373276,497.0
2022-11-01,539.0,543.7127274318158,2268.9617787670736,12704.399563334588,10721.494597403618,765.0
2022-11-02,124.0,104.69644287145056,1687.8992102295426,2190.074416153132,3332.515977455756,252.0
2022-11-03,499.0,487.15921074686406,5285.328168322252,6186.713206115684,9429.55595940858,683.0
2022-11-04,515.0,471.9858269220485,4333.065705200077,6313.639645322934,12563.801026625648,712.0
2022-11-05,184.0,224.01719091788448,2107.775899676523,2683.902955785438,4068.991649158738,312.0
2022-11-06,357.0,351.4043971386604,2394.101902043436,4979.926673616948,7887.177654746947,496.0
2022-11-07,355.0,359.77641789231166,4280.438372550883,7117.107135570343,6529.406545086106,524.0
2022-11-08,252.0,266.29704320371627,2833.158630388205,3997.394522547718,3205.3398339495748,386.0
2022-11-09,315.0,317.3245300762883,2867.7158228522067,3698.998273936007,4192.874481066829,443.0
2022-11-10,283.0,331.29767478193185,2120.137965927031,6659.063572856255,6871.277859067159,425.0
2022-11-11,570.0,534.6819872226534,4185.129756730119,8679.284125524158,11470.258532227464,759.0
2022-11-12,489.0,498.6745253407872,5676.378048743778,9029.696673145594,9376.580100594882,706.0
2022-11-13,523.0,484.5233091937951,7163.511877904153,6418.235072694732,9136.51814550754,756.0
2022-11-14,469.0,407.1298083931484,3793.6701395623927,7802.100312378194,8522.012090837146,682.0
2022-11-15,284.0,267.21949381109613,3237.739416746368,4667.970349460538,7480.558779339874,459.0
2022-11-16,345.0,344.4748233088797,1292.7513797158394,2246.226927670102,6219.633119934438,463.0
2022-11-17,447.0,428.5991335130352,3692.825183338303,10778.566508205697,5353.1181798983625,622.0
2022-11-18,277.0,258.1578590456056,2747.786789758368,5771.342819397342,6784.830371840357,433.0
2022-11-19,471.0,405.25573555829743,3428.7909476575737,6230.72873673961,8851.7931868319,637.0
2022-11-20,376.0,373.8165220725381,2710.4458685561017,3784.4891615422457,7609.991470905186,518.0
2022-11-21,364.0,309.41189964104854,2912.514104328589,6032.88810554348,10797.362232092011,522.0
2022-11-22,473.0,509.5100494090166,5150.276083257002,7287.537201109208,9411.982761805712,665.0
2022-11-23,447.0,451.274416674639,4224.308689753447,7430.1317652346015,9728.295664775882,645.0
2022-11-24,367.0,314.1951228861764,1208.3505292311163,5834.151553746973,4754.410155516734,508.0
2022-11-25,520.0,504.4885378139693,1893.8378046719915,8994.720483248206,9725.56988000379,681.0
2022-11-26,297.0,274.9438350455676,2431.785106906651,6395.904594334407,7357.83262636913,442.0
2022-11-27,467.0,482.7037407523435,5320.017103617221,8212.450562638438,4990.0953727344695,650.0
2022-11-28,466.0,528.7665889045976,819.4556313341204,4791.605456817178,9887.20234718196,607.0
2022-11-29,376.0,306.13111908181537,3202.9754562826174,7962.039527854387,7763.554440071352,538.0
2022-11-30,441.0,446.218217421958,3714.986005418508,9874.020749093634,8932.160497410592,630.0
2022-12-01,284.0,279.66664825694374,4025.950472202242,8294.688021228652,7453.03298323006,474.0
2022-12-02,502.0,536.275283610354,4444.914845093956,4997.376009062274,11059.166181625678,689.0
2022-12-03,392.0,400.8250849606216,4375.501411863652,6315.814651583783,11329.647206282016,587.0
2022-12-04,359.0,332.46287990037644,3747.302739487194,2024.1615493170589,5046.769387634168,506.0
2022-12-05,517.0,500.9848590888644,1867.2802594692644,9050.572033812094,10771.957630385745,690.0
2022-12-06,342.0,315.6905084595948,4220.407624601713,4298.773797535844,7033.703316558763,503.0
2022-12-07,273.0,302.84186037590905,2910.8972201868587,6467.924206585142,3714.287139231806,423.0
2022-12-08,259.0,260.0034007852841,2990.116301525915,2987.3730580047395,6677.6765023357375,395.0
2022-12-09,476.0,567.1704077790648,8513.845193144287,3525.9583527648474,16178.48508186048,710.0
2022-12-10,288.0,287.0279173649557,1082.248390729773,3719.2839142735,5746.12751558704,442.0
2022-12-11,593.0,551.1449044429879,1502.228689842115,3624.4198353634974,13660.667839275698,818.0
2022-12-12,210.0,178.51855994005209,1922.208988954457,3866.428634809792,4313.901355334506,366.0
2022-12-13,589.0,482.8553127211501,6398.508433755873,3361.916809056894,9259.34694628292,780.0
2022-12-14,441.0,371.4831894114647,4353.814138601753,6677.650223086876,4005.973426481061,628.0
2022-12-15,411.0,422.51140181792175,3591.4429418649875,2325.017287858093,6487.739170385095,568.0
2022-12-16,367.0,386.28608970846017,3047.4727325112485,4983.974454554833,4281.734296153131,515.0
2022-12-17,462.0,389.6931976932199,5086.412773912948,10366.380155446488,13990.48899311042,684.0
2022-12-18,420.0,457.70433233140136,2288.9248571934545,6983.344368550545,8111.921370297106,597.0
2022-12-19,535.0,509.2491569935565,6555.875821806507,5947.224342670379,9591.349097868791,743.0
2022-12-20,437.0,443.5107227160685,3825.19597933342,6495.04228998118,11073.755001874231,637.0
2022-12-21,441.0,512.8069165077109,2918.94819604953,6659.949280923679,5859.936874372509,613.0
2022-12-22,391.0,426.2074367217321,3383.2543366542604,6698.80953202886,6022.929776680251,559.0
2022-12-23,422.0,411.3592306593512,5821.332735731434,3740.621489784752,8626.855048589872,607.0
2022-12-24,460.0,419.09820693711015,3862.0950526035513,8128.418950206511,12042.0760302967,665.0
2022-12-25,259.0,203.44450791064264,2871.0096082403666,733.6681500283228,5964.794153604277,392.0
2022-12-26,296.0,275.0336871255892,2313.6079564755523,3605.196597817733,6368.449585617016,423.0
2022-12-27,506.0,495.7229548422037,6215.617812698526,6483.512390799167,10365.658009173036,702.0
2022-12-28,450.0,405.6684375592681,5426.659668098495,8034.299310840816,10082.911452149883,670.0
2022-12-29,415.0,410.0906435910498,6459.989862169919,6275.493026255996,8813.67430552806,641.0
2022-12-30,436.0,440.0728106553695,4137.150568588937,3788.501436444801,6035.495530348594,620.0
2022-12-31,470.0,459.98168608658017,5649.557432704292,4972.684481851036,9541.350278559888,674.0
2023-01-01,382.0,357.88123779571094,3940.217103926113,6083.62294315588,5189.420254168727,567.0
2023-01-02,359.0,365.9084132288164,4997.313271583263,5269.561260650428,7371.851256707956,551.0
2023-01-03,458.0,478.43771406667577,3593.8028127440743,5678.76148860992,7842.405872410582,639.0
2023-01-04,341.0,304.44205390389624,4180.718546521511,4386.160192169912,12040.279371249304,524.0
2023-01-05,481.0,549.2062519780307,4531.860702415095,8727.26489155917,9510.759689516646,687.0
2023-01-06,271.0,268.47612867521786,2659.279648235865,3435.566094452105,3138.43500313495,412.0
2023-01-07,545.0,546.2855013434024,5602.663360150596,7962.719731358138,10466.177455037874,752.0
2023-01-08,490.0,525.2763649958927,5276.55796031489,12147.98170398025,11339.302767202267,734.0
2023-01-09,469.0,480.76926007197375,4534.30718946906,4037.2997427989367,14113.253051163168,677.0
2023-01-10,543.0,595.2055552314945,5784.143120165819,3622.762680207142,8946.331424700396,739.0
2023-01-11,612.0,630.2105670694265,8513.845193144287,11349.505955266612,11301.527846757755,883.0
2023-01-12,548.0,514.8517758735123,7105.78409643216,6551.726203856172,13656.724268815113,817.0
2023-01-13,263.0,273.38238480122834,3326.4077027054336,3579.821556583202,3091.3076352274247,445.0
2023-01-14,320.0,284.19844271645843,2770.4581101788094,3685.479129633368,5578.238417674473,475.0
2023-01-15,387.0,391.50570253380334,2839.79967805483,5356.723540030812,7147.363151592101,542.0
2023-01-16,453.0,451.8081714762173,5832.300238280372,10060.600554950945,8876.895565930537,671.0
2023-01-17,503.0,492.9148507859689,6356.895644273305,9367.899167905776,12149.341669492624,750.0
2023-01-18,379.0,375.0842269491389,5478.386714888748,7173.802655689457,6040.808976551249,602.0
2023-01-19,472.0,383.2852255620678,3865.857781938539,4073.0867442511935,8667.252286533312,660.0
2023-01-20,378.0,358.04256361212094,3527.41935501906,3720.0369924685656,7544.161861885105,543.0
2023-01-21,394.0,397.7835330991732,2002.7613055608088,876.5899758976482,8236.246933271583,514.0
2023-01-22,315.0,320.557961719901,2783.6519481202217,3583.543592692588,6495.480504967792,441.0
2023-01-23,364.0,327.2723366851049,4738.095546727884,7041.704733682531,8249.369726518931,542.0
2023-01-24,322.0,363.66711734474615,2776.3227381473653,5593.071354763494,8090.572352383513,484.0
2023-01-25,361.0,329.98898684501034,4052.283725040251,5059.105586565214,8076.757785980608,530.0
2023-01-26,565.0,619.907833530834,5328.244711933136,8420.114862172464,12840.420203415004,781.0
2023-01-27,365.0,381.3233532276375,4012.5319668834095,4351.84526925612,13776.991074414464,534.0
2023-01-28,724.0,677.9214392668333,4752.17940766544,11539.16062503166,14713.561945413923,958.0
2023-01-29,511.0,602.5709731089651,5248.051631418203,9439.49318084176,11706.734171838883,747.0
2023-01-30,481.0,424.2410894226181,494.554377541914,3723.161546785705,11741.85350974158,632.0
2023-01-31,378.0,413.0572375849459,3570.767370293047,6184.39016818303,5994.293750379494,532.0
2023-02-01,535.0,588.5425137712394,2733.143197612753,10270.035178952923,8584.649624260252,715.0
2023-02-02,408.0,380.8871838390933,5559.764443115554,5361.373595401803,6759.01108262677,593.0
2023-02-03,478.0,545.557572257752,5905.602474495249,8693.105210104504,11118.769380656982,707.0
2023-02-04,723.0,705.4301839306726,8248.155482257931,12704.399563334588,16551.339956044594,1027.25
2023-02-05,458.0,471.98244771170295,6680.62384887673,6665.68673538969,8053.272009138278,723.0
2023-02-06,584.0,599.3026649694956,4178.194522323721,9795.24323598968,14863.976924438974,836.0
2023-02-07,399.0,394.3025694271322,6091.813470299798,4667.64902794177,8289.517288135254,620.0
2023-02-08,467.0,505.1893833956245,5979.8430563903285,7390.648583239649,8997.533108865544,700.0
2023-02-09,648.0,700.1551333691473,6026.480692280566,11073.809631327002,12150.929588399056,911.0
2023-02-10,409.0,338.0645158691323,5492.821119584344,6504.75707726567,10029.375557951553,645.0
2023-02-11,654.0,739.7925125822192,4372.340223335786,6813.537270983094,14367.057333229175,878.0
2023-02-12,544.0,454.1800497833976,4099.986283838472,8677.011205809255,16551.339956044594,772.0
2023-02-13,418.0,461.7051716561251,3420.8645753655765,9031.045790574824,6229.9709924710805,616.0
2023-02-14,538.0,599.4461248692289,4532.501108775357,9168.83310459422,12449.657533347969,757.0
2023-02-15,573.0,510.94716664060206,3917.3006108763007,11085.454163970842,9649.2854429108,793.0
2023-02-16,539.0,517.0378456987116,7370.301683149073,7512.753625910735,7971.512407036838,776.0
2023-02-17,320.0,285.2607854793799,2958.171196259386,5893.14687426706,6393.554170795141,508.0
2023-02-18,405.0,397.04071761803885,4486.712541177329,6596.343215286403,8449.621653433693,601.0
2023-02-19,454.0,440.444982478937,3766.8567337909903,4872.042996331192,16551.339956044594,646.0
2023-02-20,472.0,509.2988070526314,2144.1257786838764,7764.143161724638,8927.242789082155,644.0
2023-02-21,542.0,613.7817760194018,5866.406270874082,5718.360796644818,7173.576827738593,733.0
2023-02-22,499.0,568.7234959637954,2127.649376299418,6064.70843096542,10798.891739833898,670.0
2023-02-23,348.0,328.8579873922473,3412.7194891858,5523.566633715129,2631.523925170357,494.0
2023-02-24,520.0,509.7790281477222,3069.393781205271,8506.54090047183,10126.176489243617,700.0
2023-02-25,544.0,452.7313131398532,8513.845193144287,5252.359458290627,10939.80584244379,774.0
2023-02-26,539.0,496.43253748495465,6875.708464841769,10660.10146912869,13373.1454144954,810.0
2023-02-27,592.0,649.8704608761328,6114.887486248872,10415.865368695358,15316.0113964152,867.0
2023-02-28,568.0,660.4965467134087,7842.0405548796225,6726.162757368848,9654.526284831329,832.0
2023-03-01,531.0,466.1355832733982,3967.602413708085,4297.205372860486,10154.947106621828,744.0
2023-03-02,479.0,451.04377015259496,5576.20700032571,6879.106650335728,7385.091513284918,697.0
2023-03-03,320.0,320.1201818882835,3402.0753134267006,4170.414901986957,4246.924421817811,490.0
2023-03-04,530.0,545.4779928447506,5726.399877989111,8229.336188777546,11598.849829472734,754.0
2023-03-05,508.0,467.7862409575632,7032.809527356712,6803.209444921071,6290.40330717778,738.0
2023-03-06,515.0,537.8270449992618,6293.2599985555335,3078.3731984111528,9035.399443210805,730.0
2023-03-07,361.0,344.530184613663,3929.939912940512,4792.975202700704,5073.81626198623,546.0
2023-03-08,381.0,381.22564014298064,1922.378107621864,5201.607821011635,8894.687593723855,543.0
2023-03-09,595.0,628.2709876870671,4241.495932783896,10634.611510637198,16551.339956044594,813.0
2023-03-10,486.0,487.2864044106263,4690.468513550122,5774.583032622783,5936.438778071745,674.0
2023-03-11,559.0,535.1648834104069,5752.592710777552,12620.88570738884,4970.166185769087,790.0
2023-03-12,494.0,489.3360796178564,3270.0554302276373,3165.279645271681,9524.44893717029,674.0
2023-03-13,495.0,491.0063291776256,8513.845193144287,10353.644736561571,9954.332312574135,755.0
2023-03-14,586.0,564.9961902256057,8513.845193144287,8208.333093813264,12503.829333063297,869.0
2023-03-15,441.0,430.296366568377,5215.198937311373,8334.584373477514,7651.648403150798,691.0
2023-03-16,503.0,583.8622195074046,5142.6695825258985,7731.593161680913,9461.767386165591,741.0
2023-03-17,447.0,473.1075811352681,4194.599547751333,9016.932094267422,9947.413615573649,676.0
2023-03-18,451.0,437.8443390873408,3223.3095159818567,5981.178029847551,11840.016628983874,647.0
2023-03-19,464.0,496.4601802897212,4749.015081651188,4667.222735518716,3838.083496119878,635.0
2023-03-20,517.0,500.3570689924829,5576.634535994555,11073.425693902118,9206.876110290992,750.0
2023-03-21,447.0,500.4758179090344,2810.6235828982662,6490.183425010672,9533.191018465335,639.0
2023-03-22,621.0,644.7277560249613,6840.772192127333,9946.069679251314,9010.423795979948,860.0
2023-03-23,407.0,402.6948362025647,3881.026557373657,8367.737145654552,12369.421698707994,631.0
2023-03-24,478.0,499.5855488453916,2044.9599141561064,4952.094895368056,7740.505865347693,641.0
2023-03-25,453.0,382.0231692602829,3362.354994335797,8012.764553791413,8952.074904096497,632.0
2023-03-26,642.0,569.8417132083692,5625.174430313375,7928.300987962146,14986.535879739293,861.0
2023-03-27,517.0,455.6804757274493,8105.032028032676,7454.155981895357,8513.42728387717,763.0
2023-03-28,601.0,609.8727156756571,5100.822887433204,9214.736795706867,5363.736290874019,853.0
2023-03-29,349.0,410.41670647157406,2096.6137468337306,2885.594502235469,6096.537916071798,519.0
2023-03-30,525.0,642.5505320623458,6019.322444651127,6038.825136746224,13751.453976139625,741.0
2023-03-31,587.0,625.3451774173914,3149.68830265933,12391.526102671389,10568.523298259131,812.0
2023-04-01,507.0,532.7466755024765,6721.237468595047,9633.243783178948,7570.175111359685,748.0
2023-04-02,605.0,496.75476074975984,5202.43615347071,8917.366273674948,15482.591857803223,853.0
2023-04-03,447.0,423.50494355080247,4352.269533553129,7207.01808154883,8067.385947617922,661.0
2023-04-04,640.0,590.1923046980661,8513.845193144287,8761.644181664977,10852.207445502603,909.0
2023-04-05,729.0,684.4877267383854,4479.865655662312,12704.399563334588,15250.375595203765,1011.0
2023-04-06,463.0,455.9906469314408,2693.985698359852,6538.688654835376,11420.572119528557,674.0
2023-04-07,455.0,434.1626214969656,3758.951744750407,7310.51931851457,15625.209805879764,661.0
2023-04-08,645.0,517.8979502148976,8468.465566639543,12704.399563334588,16118.919802063889,929.0
2023-04-09,658.0,707.690971455864,3583.2335052956005,7573.323429443284,16551.339956044594,895.0
2023-04-10,448.0,400.22060337883175,674.053596202814,9869.41122217608,7605.273940767227,626.0
2023-04-11,458.0,469.6516076155648,3965.969060638325,3721.218648346565,6350.299594866882,612.0
2023-04-12,472.0,570.6235312777808,5508.281122031708,10554.80402265331,9628.787008106685,691.0
2023-04-13,366.0,332.7188833450524,4983.404623151801,4881.607834010357,7563.719070997541,561.0
2023-04-14,409.0,305.54276200644546,3522.0643667304976,5688.899856828025,5533.90064421142,583.0
2023-04-15,400.0,389.0809348697213,3510.9904099386,2601.465886273823,7589.457838312669,552.0
2023-04-16,424.0,470.9031108273544,5710.458962780797,5494.847067792791,9500.351292552365,617.0
2023-04-17,497.0,594.9609414774483,2184.53225152041,5134.919284395594,11026.388756172526,664.0
2023-04-18,524.0,459.94023745247256,4632.958598313123,6432.3253438806205,12075.159096196949,716.0
2023-04-19,656.0,688.6234535440019,6935.156901016612,9435.205878450235,14266.065528191122,902.0
2023-04-20,401.0,382.4635277807665,4551.867775870452,7745.815427035952,6802.315485550764,617.0
2023-04-21,599.0,593.0084694242655,5076.914709590903,9550.308443104816,10139.107014443482,832.0
2023-04-22,479.0,606.2667260650538,4844.307379808208,7271.87539965019,6140.317670585489,693.0
2023-04-23,495.0,421.33805497056784,1257.026948633305,4993.442356195565,15227.348215660875,666.0
2023-04-24,568.0,582.6341109905986,4560.079862249139,6271.17879442544,11235.411710344426,754.0
2023-04-25,388.0,406.5356121200017,4412.107206043891,8969.158745303703,7243.475205027975,587.0
2023-04-26,538.0,597.2816961757792,3800.089680162485,6299.2156741247545,7773.134545541938,724.0
2023-04-27,517.0,522.1358408520664,5262.191128833761,11609.72743964688,16551.339956044594,760.0
2023-04-28,549.0,566.4687002961908,6232.123942859904,7642.02789640249,7451.781075439622,780.0
2023-04-29,529.0,508.3488142327548,4747.000288358941,7941.49348132138,9220.052305549185,753.0
2023-04-30,738.0,744.7401778260466,7836.537533912348,12704.399563334588,16551.339956044594,1027.25
2023-05-01,436.0,421.0914908445394,3101.1484543136567,9036.626237459515,10291.4933545698,670.0
2023-05-02,446.0,474.3072390160843,4188.721555933943,6475.587849662647,11497.610294038424,657.0
2023-05-03,437.0,420.9867383653258,5171.697410223579,5793.428900165783,13483.992320135188,649.0
2023-05-04,443.0,460.4376525001212,4646.004304629409,6543.92756120268,10221.619627277722,650.0
2023-05-05,435.0,434.0235506008153,3587.0270038341428,7191.464375827536,5947.822590373534,622.0
2023-05-06,617.0,687.2654744459793,6592.585112916585,11743.172062634616,11401.865103115775,869.0
2023-05-07,640.0,637.3234378483718,7779.528980155092,9621.430730113449,13995.529711101532,918.0
2023-05-08,441.0,363.0045960834111,1698.841812561891,7847.402441010448,14300.220863932478,655.0
2023-05-09,414.0,467.1572756362364,5590.50460731719,9280.415997003762,4817.273426528656,629.0
2023-05-10,544.0,495.557182502591,4899.42854083428,9108.683885941156,14830.01891331002,781.0
2023-05-11,442.0,413.345843167228,4987.123247934593,7254.130112302071,9322.598085733383,661.0
2023-05-12,560.0,527.0895111278505,7617.828560121296,4576.221638099944,14026.994091072427,797.0
2023-05-13,517.0,588.2434981842864,3043.4915126424144,1635.120710515585,10026.766594361943,688.0
2023-05-14,344.0,271.2984097255492,2715.520068857468,5777.509730944889,5155.768603321306,501.0
2023-05-15,650.0,744.7401778260466,5946.143948097504,9486.70115833237,15952.04939046072,882.0
2023-05-16,675.0,744.7401778260466,5166.400046505303,8567.153016548646,16161.397167146932,912.0
2023-05-17,434.0,443.9296751467055,6602.473344990921,6989.410564662613,11217.328673826189,673.0
2023-05-18,456.0,453.8734378543775,3390.749270751024,6721.628860663418,9091.141948668646,660.0
2023-05-19,523.0,538.3037501708933,4361.3389465278615,10506.438152185778,8583.646803695445,743.0
2023-05-20,527.0,555.3379499042996,5601.963570469402,8122.006140913414,8583.646803695445,744.0
2023-05-21,559.0,595.9653122922732,3579.387227029876,6515.930061327725,12121.152319374196,767.0
2023-05-22,694.0,733.1949096428076,6121.502436102514,12704.399563334588,15658.657835052947,957.0
2023-05-23,475.0,479.72986164286,5207.524682847167,6667.481003150652,6754.204000243898,696.0
2023-05-24,412.0,404.760842607368,3716.767964708644,7171.989999671037,6923.890612881922,611.0
2023-05-25,354.0,349.0102823182592,3444.4289083417257,4554.252300709892,6094.984733406987,522.0
2023-05-26,418.0,410.6025071940658,3522.64914308828,5056.908473433659,4649.163433460257,575.0
2023-05-27,488.0,543.4286214925976,2663.3087012742044,7506.223555492131,7367.1903163553725,654.0
2023-05-28,670.0,710.1871532875743,7350.737659553506,10094.631954060003,8847.219862967348,906.0
